{
  "products": [
    "target_recibo",
    "target_nom_pens",
    "target_nomina",
    "target_cco_fin",
    "target_tjcr_fin",
    "target_cno_fin",
    "target_ecue_fin",
    "target_dela_fin",
    "target_reca_fin",
    "target_ctma_fin",
    "target_valo_fin",
    "target_ctop_fin",
    "target_fond_fin",
    "target_deco_fin",
    "target_ctpp_fin"
  ],
  "best_params": {
    "iterations": 150,
    "depth": 7,
    "learning_rate": 0.12028665880905137,
    "l2_leaf_reg": 3.968793330444372,
    "bagging_temperature": 0.15601864044243652,
    "loss_function": "Logloss",
    "random_seed": 42,
    "logging_level": "Silent",
    "thread_count": -1,
    "auto_class_weights": "Balanced"
  },
  "thresholds": {
    "target_recibo": 0.853398146733418,
    "target_nom_pens": 0.7148268788315575,
    "target_nomina": 0.7126145284695833,
    "target_cco_fin": 0.9760247263015602,
    "target_tjcr_fin": 0.5123002476101219,
    "target_cno_fin": 0.9353515657760976,
    "target_ecue_fin": 0.9235577331400655,
    "target_dela_fin": 0.841199998354687,
    "target_reca_fin": 0.7506576582736012,
    "target_ctma_fin": 0.9170009822181827,
    "target_valo_fin": 0.6241444673251744,
    "target_ctop_fin": 0.5093045518573462,
    "target_fond_fin": 0.32091141546359825,
    "target_deco_fin": 0.5,
    "target_ctpp_fin": 0.6888632500642508
  }
}