{
  "products": [
    "target_plan_fin",
    "target_ctju_fin",
    "target_deme_fin",
    "target_pres_fin",
    "target_cder_fin",
    "target_hip_fin",
    "target_viv_fin"
  ],
  "best_params": {
    "iterations": 150,
    "depth": 7,
    "learning_rate": 0.12028665880905137,
    "l2_leaf_reg": 3.968793330444372,
    "bagging_temperature": 0.15601864044243652,
    "loss_function": "Logloss",
    "random_seed": 42,
    "logging_level": "Silent",
    "thread_count": -1,
    "auto_class_weights": "Balanced"
  },
  "thresholds": {
    "target_plan_fin": 0.5152739310319472,
    "target_ctju_fin": 0.9533929384876755,
    "target_deme_fin": 0.5,
    "target_pres_fin": 0.16744216355558436,
    "target_cder_fin": 0.011410904637696215,
    "target_hip_fin": 0.006467404837589221,
    "target_viv_fin": 0.011309493887509244
  }
}