iter	Logloss
0	0.5676680457
1	0.4987806628
2	0.4547464998
3	0.4255221938
4	0.4091577221
5	0.3936229101
6	0.3830942257
7	0.3762507327
