{
  "single_prediction": {
    "total_requests": 100,
    "successful": 100,
    "failed": 0,
    "latencies": [
      29.742002487182617,
      29.59275245666504,
      30.550241470336914,
      30.00187873840332,
      29.64305877685547,
      29.08778190612793,
      29.54411506652832,
      28.812885284423828,
      51.4066219329834,
      29.035091400146484,
      29.45232391357422,
      29.114484786987305,
      29.328584671020508,
      29.31666374206543,
      29.737234115600586,
      29.738187789916992,
      29.702425003051758,
      29.770851135253906,
      29.56557273864746,
      29.44493293762207,
      30.684471130371094,
      29.590606689453125,
      29.346704483032227,
      31.32176399230957,
      29.732465744018555,
      29.335975646972656,
      29.514074325561523,
      28.663158416748047,
      29.099225997924805,
      29.30283546447754,
      29.37030792236328,
      29.360055923461914,
      29.70719337463379,
      30.00950813293457,
      29.207944869995117,
      28.921842575073242,
      29.371976852416992,
      29.473304748535156,
      30.338764190673828,
      29.83236312866211,
      29.882192611694336,
      29.360055923461914,
      27.35590934753418,
      30.20620346069336,
      29.64329719543457,
      28.409719467163086,
      29.263973236083984,
      29.44636344909668,
      34.52420234680176,
      29.30283546447754,
      30.277013778686523,
      28.992176055908203,
      30.992746353149414,
      29.223918914794922,
      29.5565128326416,
      29.387474060058594,
      28.801441192626953,
      28.394460678100586,
      29.501914978027344,
      27.346372604370117,
      29.04987335205078,
      30.544281005859375,
      29.381275177001953,
      30.515193939208984,
      30.071020126342773,
      30.158281326293945,
      30.089378356933594,
      30.023574829101562,
      29.22534942626953,
      29.116153717041016,
      29.29067611694336,
      29.185056686401367,
      28.803348541259766,
      30.707836151123047,
      29.961109161376953,
      29.754638671875,
      29.651165008544922,
      29.279708862304688,
      29.5257568359375,
      29.74390983581543,
      29.621601104736328,
      29.565811157226562,
      30.62582015991211,
      29.88576889038086,
      30.333995819091797,
      29.819965362548828,
      26.17502212524414,
      30.1516056060791,
      29.712438583374023,
      29.994964599609375,
      29.352188110351562,
      29.8311710357666,
      30.53736686706543,
      30.10082244873047,
      30.41815757751465,
      37.93597221374512,
      31.188249588012695,
      30.355453491210938,
      29.62970733642578,
      31.03041648864746
    ],
    "start_time": "2026-01-16T10:42:19.310793",
    "end_time": "2026-01-16T10:42:32.768798",
    "success_rate": 1.0,
    "latency_stats": {
      "mean": 29.949851036071777,
      "median": 29.607176780700684,
      "p95": 31.038308143615723,
      "p99": 38.07067871093757,
      "min": 26.17502212524414,
      "max": 51.4066219329834
    }
  },
  "batch_prediction": {
    "total_batches": 10,
    "successful_batches": 10,
    "total_predictions": 100,
    "successful_predictions": 100,
    "batch_latencies": [
      104.7370433807373,
      101.76682472229004,
      105.36932945251465,
      102.21433639526367,
      101.51481628417969,
      101.81093215942383,
      102.60605812072754,
      102.06365585327148,
      101.16887092590332,
      100.27670860290527
    ],
    "start_time": "2026-01-16T10:42:32.769754",
    "end_time": "2026-01-16T10:42:33.876619",
    "batch_success_rate": 1.0,
    "batch_latency_stats": {
      "mean": 102.35285758972168,
      "median": 101.93729400634766,
      "p95": 105.08480072021484,
      "p99": 105.31242370605469,
      "min": 100.27670860290527,
      "max": 105.36932945251465
    }
  },
  "config": {
    "host": "localhost",
    "port": 8080,
    "limit": 100,
    "batch_size": 10,
    "top_k": 7
  }
}