{
  "overall": {
    "mean_auc": 0.9010093807235803,
    "std_auc": 0.08071021828346779,
    "mean_avg_precision": 0.07792924338203168,
    "map_at_7": 0.7528079493202362,
    "precision_at_7": 0.005297502975731198,
    "precision_at_7_with_thresholds": 0.005297502975731198,
    "n_products_evaluated": 21
  },
  "per_group": {
    "frequent": {
      "mean_auc": 0.9300006650655934,
      "n_products": 10
    },
    "mid": {
      "mean_auc": 0.9201598021484589,
      "n_products": 8
    },
    "rare": {
      "mean_auc": 0.7533039757838614,
      "n_products": 3
    }
  },
  "per_product": {
    "target_ahor_fin": {
      "auc_roc": 0.6491708951052272,
      "avg_precision": 3.0759671609745895e-06,
      "precision": 3.0759671609745895e-06,
      "recall": 1.0,
      "f1": 6.151915398859435e-06,
      "log_loss": 1.9751700584126185e-05,
      "positive_rate": 1.0791409606297003e-06,
      "threshold": 1.2063118383682451e-08
    },
    "target_cco_fin": {
      "auc_roc": 0.9639648494595517,
      "avg_precision": 0.25479580022912013,
      "precision": 0.259336387616271,
      "recall": 0.4846912298910223,
      "f1": 0.3378855023966718,
      "log_loss": 0.3008196329246773,
      "positive_rate": 0.004159009262266865,
      "threshold": 0.9527338761142491
    },
    "target_cder_fin": {
      "auc_roc": 0.917936714516035,
      "avg_precision": 0.013481892581666323,
      "precision": 0.06666666666666667,
      "recall": 0.2,
      "f1": 0.1,
      "log_loss": 0.005748268044719898,
      "positive_rate": 5.395704803148501e-06,
      "threshold": 0.7925244884975579
    },
    "target_cno_fin": {
      "auc_roc": 0.9449227518877258,
      "avg_precision": 0.31543659329525686,
      "precision": 0.4351184346035015,
      "recall": 0.36018755328218244,
      "f1": 0.3941231343283582,
      "log_loss": 0.20221945176081318,
      "positive_rate": 0.002531664693637277,
      "threshold": 0.9633541513417154
    },
    "target_ctju_fin": {
      "auc_roc": 0.9996642377752333,
      "avg_precision": 0.10472448417591736,
      "precision": 0.17105263157894737,
      "recall": 0.325,
      "f1": 0.22413793103448276,
      "log_loss": 0.008286748003758088,
      "positive_rate": 4.316563842518801e-05,
      "threshold": 0.9991589594504245
    },
    "target_ctma_fin": {
      "auc_roc": 0.988287931930444,
      "avg_precision": 0.09245755336018052,
      "precision": 0.10153102336825141,
      "recall": 0.4921875,
      "f1": 0.1683366733466934,
      "log_loss": 0.2225386440301982,
      "positive_rate": 0.0005525201718424065,
      "threshold": 0.9688053871543049
    },
    "target_ctop_fin": {
      "auc_roc": 0.9652546088625523,
      "avg_precision": 0.05162720585705743,
      "precision": 0.08384458077709611,
      "recall": 0.36283185840707965,
      "f1": 0.1362126245847176,
      "log_loss": 0.1371334329692826,
      "positive_rate": 0.00024388585710231227,
      "threshold": 0.9805877127830438
    },
    "target_ctpp_fin": {
      "auc_roc": 0.9638771534254157,
      "avg_precision": 0.05337469384203465,
      "precision": 0.08685446009389672,
      "recall": 0.2824427480916031,
      "f1": 0.13285457809694792,
      "log_loss": 0.10689970691712565,
      "positive_rate": 0.00014136746584249074,
      "threshold": 0.9823400437680323
    },
    "target_dela_fin": {
      "auc_roc": 0.8711632229647341,
      "avg_precision": 0.0014240693456756726,
      "precision": 0.04,
      "recall": 0.021739130434782608,
      "f1": 0.028169014084507043,
      "log_loss": 0.23313186458735594,
      "positive_rate": 4.9640484188966216e-05,
      "threshold": 0.9411054095210678
    },
    "target_ecue_fin": {
      "auc_roc": 0.937475194331332,
      "avg_precision": 0.2906199550042138,
      "precision": 0.4540229885057471,
      "recall": 0.4082687338501292,
      "f1": 0.42993197278911566,
      "log_loss": 0.36960760829237105,
      "positive_rate": 0.0029233928623458583,
      "threshold": 0.9638468052086555
    },
    "target_fond_fin": {
      "auc_roc": 0.8753127193271193,
      "avg_precision": 0.0006947535949075337,
      "precision": 0.01282051282051282,
      "recall": 0.016666666666666666,
      "f1": 0.014492753623188406,
      "log_loss": 0.08675543863398902,
      "positive_rate": 6.474845763778202e-05,
      "threshold": 0.7455740081358098
    },
    "target_hip_fin": {
      "auc_roc": 0.8133152037065015,
      "avg_precision": 0.00030420863047983244,
      "precision": 0.00089126559714795,
      "recall": 0.3333333333333333,
      "f1": 0.0017777777777777779,
      "log_loss": 0.0015032739631648927,
      "positive_rate": 3.237422881889101e-06,
      "threshold": 0.13182954096689684
    },
    "target_plan_fin": {
      "auc_roc": 0.8048393704691559,
      "avg_precision": 0.0002637656428383612,
      "precision": 0.0017605633802816902,
      "recall": 0.045454545454545456,
      "f1": 0.003389830508474576,
      "log_loss": 0.1092139186974617,
      "positive_rate": 2.3741101133853406e-05,
      "threshold": 0.7617244624397974
    },
    "target_pres_fin": {
      "auc_roc": 0.9548167974800943,
      "avg_precision": 0.0008144720705898421,
      "precision": 0.004651162790697674,
      "recall": 0.14285714285714285,
      "f1": 0.009009009009009009,
      "log_loss": 0.05116668001150717,
      "positive_rate": 7.553986724407902e-06,
      "threshold": 0.9059177976336665
    },
    "target_reca_fin": {
      "auc_roc": 0.8533124086400363,
      "avg_precision": 0.002951015104898807,
      "precision": 0.030303030303030304,
      "recall": 0.007168458781362007,
      "f1": 0.011594202898550725,
      "log_loss": 0.23875454475858218,
      "positive_rate": 0.0003010803280156864,
      "threshold": 0.947521498212155
    },
    "target_tjcr_fin": {
      "auc_roc": 0.929666082895496,
      "avg_precision": 0.054550151043254835,
      "precision": 0.08477640342530923,
      "recall": 0.2097457627118644,
      "f1": 0.1207480688440168,
      "log_loss": 0.2642730952972553,
      "positive_rate": 0.004584190800754967,
      "threshold": 0.9036012799592966
    },
    "target_valo_fin": {
      "auc_roc": 0.8795768153320659,
      "avg_precision": 0.001302885709996661,
      "precision": 0.0047169811320754715,
      "recall": 0.04371584699453552,
      "f1": 0.008515167642362959,
      "log_loss": 0.06549374563638947,
      "positive_rate": 0.00019748279579523517,
      "threshold": 0.5424722037678094
    },
    "target_viv_fin": {
      "auc_roc": 0.7974258285398557,
      "avg_precision": 0.00014051130280937405,
      "precision": 0.0004014452027298274,
      "recall": 0.14285714285714285,
      "f1": 0.0008006405124099279,
      "log_loss": 0.003140206073980866,
      "positive_rate": 7.553986724407902e-06,
      "threshold": 0.11826296097565815
    },
    "target_nomina": {
      "auc_roc": 0.9512391001882262,
      "avg_precision": 0.15052914872255194,
      "precision": 0.18092709822340208,
      "recall": 0.48432944606413997,
      "f1": 0.263442192378215,
      "log_loss": 0.21082028764666055,
      "positive_rate": 0.0059223255919357955,
      "threshold": 0.8999898849749307
    },
    "target_nom_pens": {
      "auc_roc": 0.9467686066869682,
      "avg_precision": 0.14224365700292685,
      "precision": 0.17580751483190507,
      "recall": 0.4837656448394703,
      "f1": 0.2578929555673742,
      "log_loss": 0.188145946018119,
      "positive_rate": 0.005949304115951538,
      "threshold": 0.8890440626424616
    },
    "target_recibo": {
      "auc_roc": 0.9132065016714193,
      "avg_precision": 0.1047742185391275,
      "precision": 0.1468536298956966,
      "recall": 0.20919019974417002,
      "f1": 0.17256493506493506,
      "log_loss": 0.2971276912752383,
      "positive_rate": 0.010967309582879645,
      "threshold": 0.7929308669780396
    }
  }
}