{
  "target_recibo": 0.5506611611718659,
  "target_nom_pens": 0.7821116168613103,
  "target_nomina": 0.8076983807589875,
  "target_cco_fin": 0.9074372681063511,
  "target_tjcr_fin": 0.5379542227636953,
  "target_cno_fin": 0.8768995097639388,
  "target_ecue_fin": 0.9312269230733935,
  "target_dela_fin": 0.9017012241156888,
  "target_reca_fin": 0.8891970465281744,
  "target_ctma_fin": 0.9520002042760739,
  "target_valo_fin": 0.4299951042835305,
  "target_ctop_fin": 0.349202698072479,
  "target_fond_fin": 0.519194029507469,
  "target_deco_fin": 0.5,
  "target_ctpp_fin": 0.6327204599116413,
  "target_plan_fin": 0.3478732582190908,
  "target_ctju_fin": 0.9773621472939723,
  "target_deme_fin": 0.5,
  "target_pres_fin": 0.05948394066220527,
  "target_cder_fin": 0.014598839192869887,
  "target_hip_fin": 0.012547400210707115,
  "target_viv_fin": 0.29160478369781817,
  "target_aval_fin": 0.5,
  "target_ahor_fin": 2.543874980405198e-08
}