{
  "overall": {
    "mean_auc": 0.9024716669453279,
    "std_auc": 0.0752994415759468,
    "mean_avg_precision": 0.2668361368167118,
    "map_at_7": 0.7659162516905117,
    "precision_at_7": 0.056971750849301867,
    "precision_at_7_with_thresholds": 0.056385338017991074,
    "n_products_evaluated": 21
  },
  "per_group": {
    "frequent": {
      "mean_auc": 0.9017500733870194,
      "n_products": 8
    },
    "mid": {
      "mean_auc": 0.849006248709161,
      "n_products": 6
    },
    "rare": {
      "mean_auc": 0.9491238466429666,
      "n_products": 7
    }
  },
  "per_product": {
    "target_ahor_fin": {
      "auc_roc": 1.0,
      "avg_precision": 1.0,
      "precision": 1.677627164139042e-05,
      "recall": 1.0,
      "f1": 3.355198040564344e-05,
      "log_loss": 0.00016182164873236916,
      "positive_rate": 1.1628583057154486e-05,
      "threshold": 2.543874980405198e-08
    },
    "target_cco_fin": {
      "auc_roc": 0.9568811320405575,
      "avg_precision": 0.6314681260223262,
      "precision": 0.34359494812810104,
      "recall": 0.7906071613907628,
      "f1": 0.4790127338468794,
      "log_loss": 0.6082885546306299,
      "positive_rate": 0.04481655910227339,
      "threshold": 0.9074372681063511
    },
    "target_cder_fin": {
      "auc_roc": 0.8936574020234912,
      "avg_precision": 0.0007717685080295027,
      "precision": 0.00018244845831052726,
      "recall": 1.0,
      "f1": 0.00036483035388544326,
      "log_loss": 0.04085388628150485,
      "positive_rate": 5.8142915285772426e-05,
      "threshold": 0.014598839192869887
    },
    "target_cno_fin": {
      "auc_roc": 0.9112660118152743,
      "avg_precision": 0.5076652183280774,
      "precision": 0.5210941121928605,
      "recall": 0.47911338448422847,
      "f1": 0.499222740395292,
      "log_loss": 0.38042407029305575,
      "positive_rate": 0.027280655852084425,
      "threshold": 0.8768995097639388
    },
    "target_ctju_fin": {
      "auc_roc": 0.9996751207026933,
      "avg_precision": 0.6306156159742096,
      "precision": 0.32978723404255317,
      "recall": 0.775,
      "f1": 0.4626865671641791,
      "log_loss": 0.0038455637437128667,
      "positive_rate": 0.0004651433222861794,
      "threshold": 0.9773621472939723
    },
    "target_ctma_fin": {
      "auc_roc": 0.9496600612475581,
      "avg_precision": 0.2355323982262102,
      "precision": 0.2545955882352941,
      "recall": 0.541015625,
      "f1": 0.34625,
      "log_loss": 0.5231932417474083,
      "positive_rate": 0.005953834525263097,
      "threshold": 0.9520002042760739
    },
    "target_ctop_fin": {
      "auc_roc": 0.9492466490306284,
      "avg_precision": 0.21365301973344558,
      "precision": 0.3738738738738739,
      "recall": 0.3672566371681416,
      "f1": 0.3705357142857143,
      "log_loss": 0.018926087378191632,
      "positive_rate": 0.002628059770916914,
      "threshold": 0.349202698072479
    },
    "target_ctpp_fin": {
      "auc_roc": 0.9243751257980843,
      "avg_precision": 0.01404261954133511,
      "precision": 0.008064516129032258,
      "recall": 0.015267175572519083,
      "f1": 0.010554089709762533,
      "log_loss": 0.05290172824128045,
      "positive_rate": 0.0015233443804872377,
      "threshold": 0.6327204599116413
    },
    "target_dela_fin": {
      "auc_roc": 0.8260051334790552,
      "avg_precision": 0.0055044420238711065,
      "precision": 0.007237635705669481,
      "recall": 0.13043478260869565,
      "f1": 0.013714285714285714,
      "log_loss": 0.5385323894486896,
      "positive_rate": 0.0005349148206291064,
      "threshold": 0.9017012241156888
    },
    "target_ecue_fin": {
      "auc_roc": 0.8990595118714029,
      "avg_precision": 0.5375195429912363,
      "precision": 0.7683799609629147,
      "recall": 0.4359542266519011,
      "f1": 0.556288271314178,
      "log_loss": 0.43020056795200584,
      "positive_rate": 0.0315018315018315,
      "threshold": 0.9312269230733935
    },
    "target_fond_fin": {
      "auc_roc": 0.8185775101336281,
      "avg_precision": 0.010953437320299244,
      "precision": 0.009397024275646046,
      "recall": 0.2,
      "f1": 0.01795063575168287,
      "log_loss": 0.05319645030647344,
      "positive_rate": 0.0006977149834292691,
      "threshold": 0.519194029507469
    },
    "target_hip_fin": {
      "auc_roc": 0.9841380593543586,
      "avg_precision": 0.00141930297426744,
      "precision": 0.00014990256333383302,
      "recall": 1.0,
      "f1": 0.00029976019184652276,
      "log_loss": 0.03360679011694335,
      "positive_rate": 3.4885749171463454e-05,
      "threshold": 0.012547400210707115
    },
    "target_plan_fin": {
      "auc_roc": 0.8674827086305109,
      "avg_precision": 0.001567986035098824,
      "precision": 0.0012337555518999836,
      "recall": 0.6818181818181818,
      "f1": 0.0024630541871921183,
      "log_loss": 0.17388127727229916,
      "positive_rate": 0.0002558288272573987,
      "threshold": 0.3478732582190908
    },
    "target_pres_fin": {
      "auc_roc": 0.9034009728932277,
      "avg_precision": 0.0008980075095853851,
      "precision": 0.0005918910920390648,
      "recall": 0.5714285714285714,
      "f1": 0.0011825572801182557,
      "log_loss": 0.018713223736996958,
      "positive_rate": 8.14000814000814e-05,
      "threshold": 0.05948394066220527
    },
    "target_reca_fin": {
      "auc_roc": 0.7235470732640306,
      "avg_precision": 0.009104034718517612,
      "precision": 0.02127659574468085,
      "recall": 0.014336917562724014,
      "f1": 0.017130620985010708,
      "log_loss": 0.19199794778747803,
      "positive_rate": 0.0032443746729461016,
      "threshold": 0.8891970465281744
    },
    "target_tjcr_fin": {
      "auc_roc": 0.8949088060661741,
      "avg_precision": 0.2913434893087412,
      "precision": 0.2321385614625932,
      "recall": 0.681497175141243,
      "f1": 0.346312578503499,
      "log_loss": 0.27940231194199594,
      "positive_rate": 0.04939822082679225,
      "threshold": 0.5379542227636953
    },
    "target_valo_fin": {
      "auc_roc": 0.7286310727810369,
      "avg_precision": 0.005646161223206329,
      "precision": 0.005307507113153863,
      "recall": 0.5300546448087432,
      "f1": 0.010509778427867164,
      "log_loss": 0.3198585433887011,
      "positive_rate": 0.002128030699459271,
      "threshold": 0.4299951042835305
    },
    "target_viv_fin": {
      "auc_roc": 0.9955126628964839,
      "avg_precision": 0.012086799882246934,
      "precision": 0.009174311926605505,
      "recall": 0.7142857142857143,
      "f1": 0.018115942028985508,
      "log_loss": 0.017171564280508117,
      "positive_rate": 8.14000814000814e-05,
      "threshold": 0.29160478369781817
    },
    "target_nomina": {
      "auc_roc": 0.9154868321574703,
      "avg_precision": 0.5062848370628608,
      "precision": 0.4827586206896552,
      "recall": 0.6607142857142857,
      "f1": 0.5578890683898762,
      "log_loss": 0.49169649558280315,
      "positive_rate": 0.06381766381766382,
      "threshold": 0.8076983807589875
    },
    "target_nom_pens": {
      "auc_roc": 0.9145743598068508,
      "avg_precision": 0.5021005255476944,
      "precision": 0.4669793852610789,
      "recall": 0.6861962633774714,
      "f1": 0.5557514323490524,
      "log_loss": 0.4703441360595952,
      "positive_rate": 0.06410837839409268,
      "threshold": 0.7821116168613103
    },
    "target_recibo": {
      "auc_roc": 0.8958187998593701,
      "avg_precision": 0.4853815402196899,
      "precision": 0.2829165322935296,
      "recall": 0.9495227787070747,
      "f1": 0.4359414528370076,
      "log_loss": 0.6375082819070995,
      "positive_rate": 0.11818128960986103,
      "threshold": 0.5506611611718659
    }
  }
}