{
  "target_recibo": 0.853398146733418,
  "target_nom_pens": 0.7148268788315575,
  "target_nomina": 0.7126145284695833,
  "target_cco_fin": 0.9760247263015602,
  "target_tjcr_fin": 0.5123002476101219,
  "target_cno_fin": 0.9353515657760976,
  "target_ecue_fin": 0.9235577331400655,
  "target_dela_fin": 0.841199998354687,
  "target_reca_fin": 0.7506576582736012,
  "target_ctma_fin": 0.9170009822181827,
  "target_valo_fin": 0.6241444673251744,
  "target_ctop_fin": 0.5093045518573462,
  "target_fond_fin": 0.32091141546359825,
  "target_deco_fin": 0.5,
  "target_ctpp_fin": 0.6888632500642508,
  "target_plan_fin": 0.5152739310319472,
  "target_ctju_fin": 0.9533929384876755,
  "target_deme_fin": 0.5,
  "target_pres_fin": 0.16744216355558436,
  "target_cder_fin": 0.011410904637696215,
  "target_hip_fin": 0.006467404837589221,
  "target_viv_fin": 0.011309493887509244,
  "target_aval_fin": 0.5,
  "target_ahor_fin": 3.7197091197170653e-08
}