{
  "target_recibo": 0.7929308669780396,
  "target_nom_pens": 0.8890440626424616,
  "target_nomina": 0.8999898849749307,
  "target_cco_fin": 0.9527338761142491,
  "target_tjcr_fin": 0.9036012799592966,
  "target_cno_fin": 0.9633541513417154,
  "target_ecue_fin": 0.9638468052086555,
  "target_dela_fin": 0.9411054095210678,
  "target_reca_fin": 0.947521498212155,
  "target_ctma_fin": 0.9688053871543049,
  "target_valo_fin": 0.5424722037678094,
  "target_ctop_fin": 0.9805877127830438,
  "target_fond_fin": 0.7455740081358098,
  "target_deco_fin": 0.5,
  "target_ctpp_fin": 0.9823400437680323,
  "target_plan_fin": 0.7617244624397974,
  "target_ctju_fin": 0.9991589594504245,
  "target_deme_fin": 0.5,
  "target_pres_fin": 0.9059177976336665,
  "target_cder_fin": 0.7925244884975579,
  "target_hip_fin": 0.13182954096689684,
  "target_viv_fin": 0.11826296097565815,
  "target_aval_fin": 0.5,
  "target_ahor_fin": 1.2063118383682451e-08
}