{
  "overall": {
    "mean_auc": 0.8611534358129256,
    "std_auc": 0.0971976633060473,
    "mean_avg_precision": 0.22809403889039861,
    "map_at_7": 0.774011381592996,
    "precision_at_7": 0.05656641166845248,
    "precision_at_7_with_thresholds": 0.05656641166845248,
    "n_products_evaluated": 21
  },
  "per_group": {
    "frequent": {
      "mean_auc": 0.8787959786854008,
      "n_products": 14
    },
    "mid": {
      "mean_auc": 0.8414095949915458,
      "n_products": 6
    },
    "rare": {
      "mean_auc": 0.7326208805265484,
      "n_products": 1
    }
  },
  "per_product": {
    "target_ahor_fin": {
      "auc_roc": 0.7326208805265484,
      "avg_precision": 4.348960598416978e-05,
      "precision": 4.348960598416978e-05,
      "recall": 1.0,
      "f1": 8.697542944118286e-05,
      "log_loss": 0.00018796188851808904,
      "positive_rate": 1.1628583057154486e-05,
      "threshold": 9.692434883027085e-08
    },
    "target_cco_fin": {
      "auc_roc": 0.947085926716049,
      "avg_precision": 0.5893899901773317,
      "precision": 0.63345495369071,
      "recall": 0.5856253243383498,
      "f1": 0.6086018605905352,
      "log_loss": 0.6200600520749862,
      "positive_rate": 0.04481655910227339,
      "threshold": 0.947073314284878
    },
    "target_cder_fin": {
      "auc_roc": 0.8657936969415049,
      "avg_precision": 0.26681958696142133,
      "precision": 0.3333333333333333,
      "recall": 0.4,
      "f1": 0.36363636363636365,
      "log_loss": 0.0626696563637471,
      "positive_rate": 5.8142915285772426e-05,
      "threshold": 0.9157784631102136
    },
    "target_cno_fin": {
      "auc_roc": 0.8900717967805982,
      "avg_precision": 0.5613814340961013,
      "precision": 0.7127457197209892,
      "recall": 0.47911338448422847,
      "f1": 0.5730308437420342,
      "log_loss": 0.4635268806463826,
      "positive_rate": 0.027280655852084425,
      "threshold": 0.8801332767473848
    },
    "target_ctju_fin": {
      "auc_roc": 0.9994009947065324,
      "avg_precision": 0.33065852842927584,
      "precision": 0.34782608695652173,
      "recall": 1.0,
      "f1": 0.5161290322580645,
      "log_loss": 0.009018992846127479,
      "positive_rate": 0.0004651433222861794,
      "threshold": 0.9902625379192752
    },
    "target_ctma_fin": {
      "auc_roc": 0.9630855308036393,
      "avg_precision": 0.2480319901247996,
      "precision": 0.2553191489361702,
      "recall": 0.46875,
      "f1": 0.3305785123966942,
      "log_loss": 0.3061620676199453,
      "positive_rate": 0.005953834525263097,
      "threshold": 0.8962563626272365
    },
    "target_ctop_fin": {
      "auc_roc": 0.9346109951436752,
      "avg_precision": 0.18716256430681416,
      "precision": 0.36554621848739494,
      "recall": 0.38495575221238937,
      "f1": 0.375,
      "log_loss": 0.07791623393230399,
      "positive_rate": 0.002628059770916914,
      "threshold": 0.8487060859470952
    },
    "target_ctpp_fin": {
      "auc_roc": 0.9550940845206658,
      "avg_precision": 0.3096591933046186,
      "precision": 0.3875968992248062,
      "recall": 0.3816793893129771,
      "f1": 0.38461538461538464,
      "log_loss": 0.12294165443620318,
      "positive_rate": 0.0015233443804872377,
      "threshold": 0.9569915741033521
    },
    "target_dela_fin": {
      "auc_roc": 0.8033333215299063,
      "avg_precision": 0.001795773223541876,
      "precision": 0.003150751333010179,
      "recall": 0.2826086956521739,
      "f1": 0.006232023010546501,
      "log_loss": 0.5074972371173873,
      "positive_rate": 0.0005349148206291064,
      "threshold": 0.8109225358587577
    },
    "target_ecue_fin": {
      "auc_roc": 0.8895642957758145,
      "avg_precision": 0.5509601262978218,
      "precision": 0.870110701107011,
      "recall": 0.43521594684385384,
      "f1": 0.5802165354330708,
      "log_loss": 0.48356170058876274,
      "positive_rate": 0.0315018315018315,
      "threshold": 0.9095709540990418
    },
    "target_fond_fin": {
      "auc_roc": 0.8800976513256143,
      "avg_precision": 0.006195336413821681,
      "precision": 0.04225352112676056,
      "recall": 0.05,
      "f1": 0.04580152671755725,
      "log_loss": 0.16526984908034095,
      "positive_rate": 0.0006977149834292691,
      "threshold": 0.8133531666914625
    },
    "target_hip_fin": {
      "auc_roc": 0.9889175737277887,
      "avg_precision": 0.0020570393850367426,
      "precision": 0.0025619128949615714,
      "recall": 1.0,
      "f1": 0.005110732538330494,
      "log_loss": 0.016978094714174934,
      "positive_rate": 3.4885749171463454e-05,
      "threshold": 0.2682406513661428
    },
    "target_plan_fin": {
      "auc_roc": 0.723404176575521,
      "avg_precision": 0.001295965321292895,
      "precision": 0.005037783375314861,
      "recall": 0.09090909090909091,
      "f1": 0.00954653937947494,
      "log_loss": 0.33624101699766146,
      "positive_rate": 0.0002558288272573987,
      "threshold": 0.8021900606722409
    },
    "target_pres_fin": {
      "auc_roc": 0.8469869549903972,
      "avg_precision": 0.00466501851217098,
      "precision": 0.023255813953488372,
      "recall": 0.14285714285714285,
      "f1": 0.04,
      "log_loss": 0.016344747707491863,
      "positive_rate": 8.14000814000814e-05,
      "threshold": 0.4581472646977609
    },
    "target_reca_fin": {
      "auc_roc": 0.7383055504959195,
      "avg_precision": 0.01725878608071709,
      "precision": 0.036827195467422094,
      "recall": 0.0931899641577061,
      "f1": 0.05279187817258883,
      "log_loss": 0.514851835074172,
      "positive_rate": 0.0032443746729461016,
      "threshold": 0.8376099105894197
    },
    "target_tjcr_fin": {
      "auc_roc": 0.9042825238183209,
      "avg_precision": 0.36664575645946834,
      "precision": 0.39732994278448824,
      "recall": 0.4413841807909605,
      "f1": 0.4182000669120107,
      "log_loss": 0.3099055321589654,
      "positive_rate": 0.04939822082679225,
      "threshold": 0.7676122240122562
    },
    "target_valo_fin": {
      "auc_roc": 0.8342024654735132,
      "avg_precision": 0.01679905970463513,
      "precision": 0.02508551881413911,
      "recall": 0.12021857923497267,
      "f1": 0.04150943396226415,
      "log_loss": 0.27219207361281433,
      "positive_rate": 0.002128030699459271,
      "threshold": 0.7119044191185359
    },
    "target_viv_fin": {
      "auc_roc": 0.6239541730075293,
      "avg_precision": 0.0008662652672983409,
      "precision": 0.0034423407917383822,
      "recall": 0.2857142857142857,
      "f1": 0.006802721088435374,
      "log_loss": 0.0072195438915539124,
      "positive_rate": 8.14000814000814e-05,
      "threshold": 0.10730122654412658
    },
    "target_nomina": {
      "auc_roc": 0.9072661480806352,
      "avg_precision": 0.5376469329133426,
      "precision": 0.5174815029740316,
      "recall": 0.6499635568513119,
      "f1": 0.5762054761327841,
      "log_loss": 0.37769690904191655,
      "positive_rate": 0.06381766381766382,
      "threshold": 0.7230672254447502
    },
    "target_nom_pens": {
      "auc_roc": 0.9043727204305108,
      "avg_precision": 0.5335654758221939,
      "precision": 0.5274626865671642,
      "recall": 0.6410302920370035,
      "f1": 0.5787275853598625,
      "log_loss": 0.33785495841023355,
      "positive_rate": 0.06410837839409268,
      "threshold": 0.6974011961117174
    },
    "target_recibo": {
      "auc_roc": 0.7517706907007506,
      "avg_precision": 0.2570765042906826,
      "precision": 0.2101141924959217,
      "recall": 0.9505067401357867,
      "f1": 0.34415191136128825,
      "log_loss": 0.6712155181498396,
      "positive_rate": 0.11818128960986103,
      "threshold": 0.32504375119698053
    }
  }
}