{
  "overall": {
    "mean_auc": 0.9024716669453279,
    "std_auc": 0.0752994415759468,
    "mean_avg_precision": 0.2668361368167118,
    "map_at_7": 0.7658327439675421,
    "precision_at_7": 0.056970089623150824,
    "precision_at_7_with_thresholds": 0.05602485194321928,
    "n_products_evaluated": 21
  },
  "per_group": {
    "frequent": {
      "mean_auc": 0.8791455770965088,
      "n_products": 14
    },
    "mid": {
      "mean_auc": 0.9406444877501277,
      "n_products": 6
    },
    "rare": {
      "mean_auc": 1.0,
      "n_products": 1
    }
  },
  "per_product": {
    "target_ahor_fin": {
      "auc_roc": 1.0,
      "avg_precision": 1.0,
      "precision": 4.164237528108603e-05,
      "recall": 1.0,
      "f1": 8.328128253175098e-05,
      "log_loss": 0.0007844564551594079,
      "positive_rate": 1.1628583057154486e-05,
      "threshold": 3.7197091197170653e-08
    },
    "target_cco_fin": {
      "auc_roc": 0.9568811320405575,
      "avg_precision": 0.6314681260223262,
      "precision": 0.7257079400333148,
      "recall": 0.3391281785158277,
      "f1": 0.46224580017683464,
      "log_loss": 0.6082885546306299,
      "positive_rate": 0.04481655910227339,
      "threshold": 0.9760247263015602
    },
    "target_cder_fin": {
      "auc_roc": 0.8936574020234912,
      "avg_precision": 0.0007717685080295027,
      "precision": 0.00016905599134433324,
      "recall": 1.0,
      "f1": 0.0003380548324938305,
      "log_loss": 0.04085388628150485,
      "positive_rate": 5.8142915285772426e-05,
      "threshold": 0.011410904637696215
    },
    "target_cno_fin": {
      "auc_roc": 0.9112660118152743,
      "avg_precision": 0.5076652183280774,
      "precision": 0.717948717948718,
      "recall": 0.3699914748508099,
      "f1": 0.48832630098452884,
      "log_loss": 0.38042407029305575,
      "positive_rate": 0.027280655852084425,
      "threshold": 0.9353515657760976
    },
    "target_ctju_fin": {
      "auc_roc": 0.9996751207026933,
      "avg_precision": 0.6306156159742096,
      "precision": 0.3389830508474576,
      "recall": 1.0,
      "f1": 0.5063291139240507,
      "log_loss": 0.0038455637437128667,
      "positive_rate": 0.0004651433222861794,
      "threshold": 0.9533929384876755
    },
    "target_ctma_fin": {
      "auc_roc": 0.9496600612475581,
      "avg_precision": 0.2355323982262102,
      "precision": 0.1683453237410072,
      "recall": 0.685546875,
      "f1": 0.27031189834424335,
      "log_loss": 0.5231932417474083,
      "positive_rate": 0.005953834525263097,
      "threshold": 0.9170009822181827
    },
    "target_ctop_fin": {
      "auc_roc": 0.9492466490306284,
      "avg_precision": 0.21365301973344558,
      "precision": 0.42276422764227645,
      "recall": 0.23008849557522124,
      "f1": 0.2979942693409742,
      "log_loss": 0.018926087378191632,
      "positive_rate": 0.002628059770916914,
      "threshold": 0.5093045518573462
    },
    "target_ctpp_fin": {
      "auc_roc": 0.9243751257980843,
      "avg_precision": 0.01404261954133511,
      "precision": 0.006944444444444444,
      "recall": 0.007633587786259542,
      "f1": 0.007272727272727273,
      "log_loss": 0.05290172824128045,
      "positive_rate": 0.0015233443804872377,
      "threshold": 0.6888632500642508
    },
    "target_dela_fin": {
      "auc_roc": 0.8260051334790552,
      "avg_precision": 0.0055044420238711065,
      "precision": 0.0031637226469812814,
      "recall": 0.2608695652173913,
      "f1": 0.006251628028132326,
      "log_loss": 0.5385323894486896,
      "positive_rate": 0.0005349148206291064,
      "threshold": 0.841199998354687
    },
    "target_ecue_fin": {
      "auc_roc": 0.8990595118714029,
      "avg_precision": 0.5375195429912363,
      "precision": 0.7156454491374182,
      "recall": 0.4440753045404208,
      "f1": 0.5480637813211845,
      "log_loss": 0.43020056795200584,
      "positive_rate": 0.0315018315018315,
      "threshold": 0.9235577331400655
    },
    "target_fond_fin": {
      "auc_roc": 0.8185775101336281,
      "avg_precision": 0.010953437320299244,
      "precision": 0.0042207792207792205,
      "recall": 0.21666666666666667,
      "f1": 0.008280254777070064,
      "log_loss": 0.05319645030647344,
      "positive_rate": 0.0006977149834292691,
      "threshold": 0.32091141546359825
    },
    "target_hip_fin": {
      "auc_roc": 0.9841380593543586,
      "avg_precision": 0.00141930297426744,
      "precision": 0.0001205012853470437,
      "recall": 1.0,
      "f1": 0.0002409735330736174,
      "log_loss": 0.03360679011694335,
      "positive_rate": 3.4885749171463454e-05,
      "threshold": 0.006467404837589221
    },
    "target_plan_fin": {
      "auc_roc": 0.8674827086305109,
      "avg_precision": 0.001567986035098824,
      "precision": 0.0018087271082975356,
      "recall": 0.36363636363636365,
      "f1": 0.0035995500562429695,
      "log_loss": 0.17388127727229916,
      "positive_rate": 0.0002558288272573987,
      "threshold": 0.5152739310319472
    },
    "target_pres_fin": {
      "auc_roc": 0.9034009728932277,
      "avg_precision": 0.0008980075095853851,
      "precision": 0.0018709073900841909,
      "recall": 0.2857142857142857,
      "f1": 0.0037174721189591076,
      "log_loss": 0.018713223736996958,
      "positive_rate": 8.14000814000814e-05,
      "threshold": 0.16744216355558436
    },
    "target_reca_fin": {
      "auc_roc": 0.7235470732640306,
      "avg_precision": 0.009104034718517612,
      "precision": 0.015678254942058625,
      "recall": 0.08243727598566308,
      "f1": 0.026345933562428408,
      "log_loss": 0.19199794778747803,
      "positive_rate": 0.0032443746729461016,
      "threshold": 0.7506576582736012
    },
    "target_tjcr_fin": {
      "auc_roc": 0.8949088060661741,
      "avg_precision": 0.2913434893087412,
      "precision": 0.22519229304698804,
      "recall": 0.6960922787193974,
      "f1": 0.34029575924966915,
      "log_loss": 0.27940231194199594,
      "positive_rate": 0.04939822082679225,
      "threshold": 0.5123002476101219
    },
    "target_valo_fin": {
      "auc_roc": 0.7286310727810369,
      "avg_precision": 0.005646161223206329,
      "precision": 0.00556947925368978,
      "recall": 0.2185792349726776,
      "f1": 0.010862186014935505,
      "log_loss": 0.3198585433887011,
      "positive_rate": 0.002128030699459271,
      "threshold": 0.6241444673251744
    },
    "target_viv_fin": {
      "auc_roc": 0.9955126628964839,
      "avg_precision": 0.012086799882246934,
      "precision": 0.00036380645496595813,
      "recall": 1.0,
      "f1": 0.0007273482959268496,
      "log_loss": 0.017171564280508117,
      "positive_rate": 8.14000814000814e-05,
      "threshold": 0.011309493887509244
    },
    "target_nomina": {
      "auc_roc": 0.9154868321574703,
      "avg_precision": 0.5062848370628608,
      "precision": 0.38002021872989616,
      "recall": 0.7534620991253644,
      "f1": 0.5052232879222921,
      "log_loss": 0.49169649558280315,
      "positive_rate": 0.06381766381766382,
      "threshold": 0.7126145284695833
    },
    "target_nom_pens": {
      "auc_roc": 0.9145743598068508,
      "avg_precision": 0.5021005255476944,
      "precision": 0.37927282618551095,
      "recall": 0.7587520406312352,
      "f1": 0.5057429573207592,
      "log_loss": 0.4703441360595952,
      "positive_rate": 0.06410837839409268,
      "threshold": 0.7148268788315575
    },
    "target_recibo": {
      "auc_roc": 0.8958187998593701,
      "avg_precision": 0.4853815402196899,
      "precision": 0.47528981086028066,
      "recall": 0.5365541670766506,
      "f1": 0.5040672952486597,
      "log_loss": 0.6375082819070995,
      "positive_rate": 0.11818128960986103,
      "threshold": 0.853398146733418
    }
  }
}