{
  "overall": {
    "mean_auc": 0.8326207648359597,
    "std_auc": 0.10351144811350245,
    "mean_avg_precision": 0.18801097859717725,
    "map_at_7": 0.7706611687664603,
    "precision_at_7": 0.057016603955379455,
    "precision_at_7_with_thresholds": 0.057014942729228434,
    "n_products_evaluated": 21
  },
  "per_group": {
    "frequent": {
      "mean_auc": 0.8567182232508653,
      "n_products": 14
    },
    "mid": {
      "mean_auc": 0.8222878235963851,
      "n_products": 6
    },
    "rare": {
      "mean_auc": 0.5572539944647301,
      "n_products": 1
    }
  },
  "per_product": {
    "target_ahor_fin": {
      "auc_roc": 0.5572539944647301,
      "avg_precision": 2.6263952724885094e-05,
      "precision": 2.6263952724885094e-05,
      "recall": 1.0,
      "f1": 5.252652589557727e-05,
      "log_loss": 0.00019928010371724871,
      "positive_rate": 1.1628583057154486e-05,
      "threshold": 3.7197091197170653e-08
    },
    "target_cco_fin": {
      "auc_roc": 0.9213845347388189,
      "avg_precision": 0.4589866741487532,
      "precision": 0.7980014275517487,
      "recall": 0.2900882200311365,
      "f1": 0.42549952426260707,
      "log_loss": 0.6445711301750736,
      "positive_rate": 0.04481655910227339,
      "threshold": 0.9760247263015602
    },
    "target_cder_fin": {
      "auc_roc": 0.819823235259914,
      "avg_precision": 0.00021030534207360635,
      "precision": 0.00028839221341023794,
      "recall": 0.8,
      "f1": 0.0005765765765765766,
      "log_loss": 0.011964835970539725,
      "positive_rate": 5.8142915285772426e-05,
      "threshold": 0.011410904637696215
    },
    "target_cno_fin": {
      "auc_roc": 0.8862360605647291,
      "avg_precision": 0.5159852856959339,
      "precision": 0.8027777777777778,
      "recall": 0.3695652173913043,
      "f1": 0.5061295971978984,
      "log_loss": 0.39613822441992685,
      "positive_rate": 0.027280655852084425,
      "threshold": 0.9353515657760976
    },
    "target_ctju_fin": {
      "auc_roc": 0.999399976732011,
      "avg_precision": 0.27536036990968693,
      "precision": 0.34782608695652173,
      "recall": 1.0,
      "f1": 0.5161290322580645,
      "log_loss": 0.0053528656598408626,
      "positive_rate": 0.0004651433222861794,
      "threshold": 0.9533929384876755
    },
    "target_ctma_fin": {
      "auc_roc": 0.9335091662962227,
      "avg_precision": 0.20985404316658535,
      "precision": 0.31759656652360513,
      "recall": 0.2890625,
      "f1": 0.30265848670756645,
      "log_loss": 0.4694665718724923,
      "positive_rate": 0.005953834525263097,
      "threshold": 0.9170009822181827
    },
    "target_ctop_fin": {
      "auc_roc": 0.9315380157259203,
      "avg_precision": 0.21816791704141178,
      "precision": 0.37448559670781895,
      "recall": 0.4026548672566372,
      "f1": 0.3880597014925373,
      "log_loss": 0.03056089126345135,
      "positive_rate": 0.002628059770916914,
      "threshold": 0.5093045518573462
    },
    "target_ctpp_fin": {
      "auc_roc": 0.8525470422603328,
      "avg_precision": 0.014453212709987808,
      "precision": 0.04142011834319527,
      "recall": 0.05343511450381679,
      "f1": 0.04666666666666667,
      "log_loss": 0.060322337324888495,
      "positive_rate": 0.0015233443804872377,
      "threshold": 0.6888632500642508
    },
    "target_dela_fin": {
      "auc_roc": 0.7985478749531447,
      "avg_precision": 0.0015814257987399037,
      "precision": 0.0024563989191844758,
      "recall": 0.21739130434782608,
      "f1": 0.004857906242409522,
      "log_loss": 0.5168573549255716,
      "positive_rate": 0.0005349148206291064,
      "threshold": 0.841199998354687
    },
    "target_ecue_fin": {
      "auc_roc": 0.8765540709736641,
      "avg_precision": 0.5086621303132415,
      "precision": 0.6195097037793666,
      "recall": 0.44776670358065707,
      "f1": 0.5198200128562246,
      "log_loss": 0.5368694270832899,
      "positive_rate": 0.0315018315018315,
      "threshold": 0.9235577331400655
    },
    "target_fond_fin": {
      "auc_roc": 0.8020928608832256,
      "avg_precision": 0.005152912506000988,
      "precision": 0.01867572156196944,
      "recall": 0.18333333333333332,
      "f1": 0.03389830508474576,
      "log_loss": 0.025146446069824527,
      "positive_rate": 0.0006977149834292691,
      "threshold": 0.32091141546359825
    },
    "target_hip_fin": {
      "auc_roc": 0.962415108382175,
      "avg_precision": 0.0007866121885977068,
      "precision": 0.0011750881316098707,
      "recall": 0.6666666666666666,
      "f1": 0.002346041055718475,
      "log_loss": 0.0009235532474532266,
      "positive_rate": 3.4885749171463454e-05,
      "threshold": 0.006467404837589221
    },
    "target_plan_fin": {
      "auc_roc": 0.7266837474344482,
      "avg_precision": 0.0008660320682694352,
      "precision": 0.0053475935828877,
      "recall": 0.045454545454545456,
      "f1": 0.009569377990430622,
      "log_loss": 0.04986413690409707,
      "positive_rate": 0.0002558288272573987,
      "threshold": 0.5152739310319472
    },
    "target_pres_fin": {
      "auc_roc": 0.6639198825085229,
      "avg_precision": 0.0003737019583755472,
      "precision": 0.0013986013986013986,
      "recall": 0.14285714285714285,
      "f1": 0.002770083102493075,
      "log_loss": 0.00958920441841092,
      "positive_rate": 8.14000814000814e-05,
      "threshold": 0.16744216355558436
    },
    "target_reca_fin": {
      "auc_roc": 0.7566716318003388,
      "avg_precision": 0.012890754435202871,
      "precision": 0.032563025210084036,
      "recall": 0.1111111111111111,
      "f1": 0.050365556458164096,
      "log_loss": 0.28096080072120194,
      "positive_rate": 0.0032443746729461016,
      "threshold": 0.7506576582736012
    },
    "target_tjcr_fin": {
      "auc_roc": 0.8990467367312638,
      "avg_precision": 0.34033981930349305,
      "precision": 0.3698134754472783,
      "recall": 0.457391713747646,
      "f1": 0.4089665333613976,
      "log_loss": 0.18870352253176467,
      "positive_rate": 0.04939822082679225,
      "threshold": 0.5123002476101219
    },
    "target_valo_fin": {
      "auc_roc": 0.7589908387862244,
      "avg_precision": 0.006950228710981283,
      "precision": 0.008775137111517367,
      "recall": 0.13114754098360656,
      "f1": 0.01644962302947224,
      "log_loss": 0.17545714736810297,
      "positive_rate": 0.002128030699459271,
      "threshold": 0.6241444673251744
    },
    "target_viv_fin": {
      "auc_roc": 0.761484991261239,
      "avg_precision": 0.0005366997033767751,
      "precision": 0.0010964912280701754,
      "recall": 0.42857142857142855,
      "f1": 0.002187386073641998,
      "log_loss": 0.002887096889129998,
      "positive_rate": 8.14000814000814e-05,
      "threshold": 0.011309493887509244
    },
    "target_nomina": {
      "auc_roc": 0.8963233103591557,
      "avg_precision": 0.5138048257272532,
      "precision": 0.5023995612230906,
      "recall": 0.6676384839650146,
      "f1": 0.57335106799155,
      "log_loss": 0.40019316914690023,
      "positive_rate": 0.06381766381766382,
      "threshold": 0.7126145284695833
    },
    "target_nom_pens": {
      "auc_roc": 0.8887655496619625,
      "avg_precision": 0.4924522079789949,
      "precision": 0.5023595023595023,
      "recall": 0.6372211137311808,
      "f1": 0.5618103310411002,
      "log_loss": 0.3888133187206571,
      "positive_rate": 0.06410837839409268,
      "threshold": 0.7148268788315575
    },
    "target_recibo": {
      "auc_roc": 0.7918474317771086,
      "avg_precision": 0.3707891278810371,
      "precision": 0.3838980703536146,
      "recall": 0.4091311620584473,
      "f1": 0.3961131751929123,
      "log_loss": 0.7733034985935836,
      "positive_rate": 0.11818128960986103,
      "threshold": 0.853398146733418
    }
  }
}